Clicks,Payout,Clicks_Diff,Payout_Diff
1463535,1629747.652757288,-278538.0,-195801.0116452321
1341928,730372.934479823,-121607.0,-899374.718277465
1247719,1273897.931219559,-94209.0,543524.996739736
1212543,1091608.008257133,-35176.0,-182289.92296242598
884848,1258495.569025153,-327695.0,166887.5607680201
205968,255002.66571571003,-717437.0,-673522.108236828
173607,171767.06795000003,-32361.0,-83235.59776571
171494,185790.202581675,-72479.0,71176.21193167499
