Month,Clicks,Payout
1,1742073,1825548.66440252
2,1463535,1629747.652757288
3,1341928,730372.934479823
4,1247719,1273897.931219559
5,1212543,1091608.008257133
6,884848,1258495.569025153
7,923405,928524.773952538
8,205968,255002.66571571003
9,173607,171767.06795000003
10,243973,114613.99065
11,171494,185790.202581675
12,385834,236498.259881675
