Month,Clicks,Payout,Clicks_Diff,Payout_Diff
7,923405,928524.773952538,38557.0,-329970.79507261503
10,243973,114613.99065,70366.0,-57153.07730000002
